1559	\N	\N
2452	\N	\N
20	\N	\N
1625	1313	\N
18	151	\N
3332	\N	\N
9	1125	\N
28	160	\N
1724	1248	\N
19	\N	\N
31	166	\N
21	153	\N
44	193	\N
17	150	\N
1796	1409	\N
27	159	\N
26	158	\N
1672	\N	\N
24	\N	\N
33	176	\N
2889	\N	\N
25	157	\N
23	155	\N
29	164	\N
32	\N	7
37	186	\N
34	\N	\N
35	179	7
38	\N	\N
36	185	\N
6	\N	\N
39	188	\N
41	203	\N
40	189	\N
42	190	\N
43	192	\N
46	199	\N
53	213	\N
49	206	\N
54	214	\N
45	197	\N
50	207	\N
56	216	\N
1597	\N	141
10	131	\N
1635	1320	\N
66	\N	\N
1725	\N	\N
1675	1345	\N
72	234	\N
75	\N	\N
71	\N	\N
3333	\N	\N
78	240	\N
77	239	\N
84	243	\N
67	230	\N
80	241	\N
63	223	\N
85	244	\N
82	890	\N
79	\N	8
1673	\N	\N
68	231	\N
91	250	\N
1711	\N	\N
76	238	\N
1560	\N	\N
89	248	\N
94	253	\N
90	249	\N
86	245	\N
83	\N	\N
95	254	\N
98	257	\N
103	258	\N
107	\N	9
92	251	\N
1762	\N	\N
106	261	\N
113	267	\N
96	255	\N
99	\N	\N
65	228	\N
108	263	\N
109	264	\N
100	\N	\N
101	\N	\N
102	\N	\N
105	382	\N
1598	1295	\N
112	\N	\N
1637	1322	\N
131	283	\N
1636	1321	\N
127	280	\N
128	281	\N
126	284	\N
138	290	\N
135	\N	\N
1726	\N	153
129	\N	\N
1763	1392	\N
120	277	\N
1674	\N	\N
147	298	\N
111	\N	\N
133	286	\N
146	\N	\N
136	288	\N
137	289	\N
141	292	\N
155	305	\N
143	294	\N
2573	\N	\N
154	304	\N
139	\N	\N
144	295	\N
150	299	\N
152	302	\N
153	303	\N
164	311	\N
1561	\N	\N
151	301	\N
157	306	\N
161	310	\N
148	\N	\N
159	308	\N
160	309	\N
124	\N	9
167	314	\N
169	330	\N
166	313	\N
1599	1297	\N
165	\N	\N
168	\N	\N
1823	\N	\N
162	\N	\N
1638	1323	\N
1600	1298	\N
1641	1333	\N
1713	1368	\N
197	356	\N
186	387	\N
1797	\N	157
187	\N	\N
191	352	\N
190	\N	15
3094	2104	\N
180	345	\N
1822	1435	\N
192	353	\N
1843	\N	161
189	351	\N
198	357	\N
207	\N	\N
188	\N	\N
206	365	\N
214	516	\N
223	\N	20
202	361	\N
1858	1461	\N
209	\N	17
194	354	\N
215	\N	8
203	362	\N
204	363	\N
212	\N	16
227	372	\N
205	364	\N
225	373	\N
216	368	\N
217	\N	\N
213	\N	\N
208	\N	\N
1764	\N	\N
222	\N	19
228	374	\N
229	\N	21
226	\N	\N
179	344	\N
200	359	\N
176	\N	\N
183	\N	\N
234	378	\N
244	\N	\N
230	375	\N
252	\N	11
247	393	\N
1645	1324	\N
248	392	\N
1601	\N	\N
245	390	\N
1639	\N	\N
254	\N	\N
1676	\N	\N
250	\N	\N
251	395	\N
1646	1325	\N
1714	1367	\N
260	399	\N
263	\N	\N
259	\N	\N
257	398	\N
268	404	\N
265	401	\N
1765	1393	\N
256	\N	\N
2366	\N	\N
264	400	\N
272	407	\N
233	377	\N
1563	\N	\N
271	406	\N
275	410	\N
261	\N	\N
273	\N	\N
2663	\N	\N
274	409	\N
281	420	\N
266	\N	\N
285	423	\N
269	405	\N
286	585	\N
232	47	\N
238	383	\N
243	389	\N
270	\N	\N
279	\N	\N
282	\N	\N
277	\N	\N
1640	\N	147
294	430	\N
299	433	\N
1602	1299	\N
1651	1330	\N
304	613	\N
312	442	\N
311	441	\N
300	434	\N
1798	1410	\N
2453	\N	185
310	\N	\N
307	\N	\N
303	436	\N
650	\N	\N
334	2286	\N
322	449	\N
318	\N	\N
314	443	\N
320	447	\N
308	440	\N
309	\N	25
329	690	\N
331	456	\N
330	455	\N
327	454	\N
319	\N	\N
321	448	\N
343	462	\N
332	457	\N
342	469	\N
323	450	\N
339	460	\N
345	464	\N
336	\N	\N
338	\N	\N
340	461	\N
341	\N	\N
1564	\N	140
337	\N	\N
344	463	\N
1844	\N	\N
293	429	\N
306	439	\N
316	\N	\N
325	\N	\N
358	474	\N
1766	1394	\N
356	473	\N
365	479	\N
359	\N	\N
1716	\N	152
362	477	\N
2672	\N	199
1678	\N	\N
392	\N	\N
370	483	\N
368	\N	\N
373	485	\N
1730	\N	\N
376	\N	\N
378	488	\N
1565	\N	\N
375	\N	27
380	490	\N
372	\N	\N
386	496	\N
374	486	\N
379	489	\N
385	495	\N
346	465	\N
399	505	\N
381	491	\N
383	493	\N
393	500	\N
391	498	\N
384	494	\N
387	\N	\N
389	\N	\N
390	539	\N
388	497	\N
397	503	\N
401	506	\N
395	502	\N
404	508	\N
1603	1300	\N
400	\N	\N
396	\N	\N
402	\N	\N
354	1073	\N
349	468	\N
364	\N	\N
1604	1301	\N
414	515	\N
1642	\N	39
1677	1352	\N
426	523	\N
1717	1371	\N
415	899	\N
420	518	\N
425	522	\N
409	\N	\N
432	\N	32
423	520	\N
3590	\N	\N
458	\N	\N
428	\N	\N
2763	\N	\N
424	521	\N
2890	\N	\N
439	531	\N
427	524	\N
434	526	\N
430	\N	\N
431	1123	\N
436	528	\N
441	533	\N
451	540	\N
450	\N	\N
442	534	\N
1566	1273	\N
445	\N	\N
446	537	\N
438	530	\N
453	542	\N
449	538	\N
459	544	\N
1767	\N	\N
455	\N	\N
454	\N	31
456	\N	\N
457	543	\N
460	546	\N
412	513	\N
413	514	\N
416	\N	29
437	529	\N
440	532	\N
1679	1348	\N
467	\N	\N
1605	1302	\N
473	556	\N
518	580	\N
475	\N	\N
478	\N	\N
471	\N	\N
1728	\N	154
474	638	\N
1643	\N	\N
486	561	\N
2664	\N	\N
481	\N	\N
480	\N	\N
1718	\N	\N
483	559	\N
1732	\N	\N
485	\N	\N
491	564	\N
490	\N	\N
500	566	\N
501	567	\N
1768	\N	\N
495	\N	\N
492	\N	\N
498	\N	\N
502	568	\N
507	573	\N
503	569	\N
505	571	\N
506	572	\N
517	579	\N
512	577	\N
468	552	\N
504	570	\N
508	574	\N
1567	1274	\N
488	562	\N
513	\N	\N
489	563	\N
519	\N	\N
493	565	\N
516	\N	26
482	\N	\N
494	\N	\N
496	\N	\N
515	\N	\N
1644	\N	148
521	582	\N
575	623	\N
530	\N	\N
1606	1303	\N
529	\N	38
556	\N	\N
1680	1349	\N
1710	1366	\N
552	607	\N
551	606	\N
531	587	\N
536	590	\N
526	\N	\N
549	604	\N
1769	1395	\N
1681	\N	\N
550	605	\N
540	598	\N
533	\N	\N
2454	1790	\N
554	608	\N
564	615	\N
557	610	\N
553	\N	\N
1733	\N	\N
560	611	\N
559	612	\N
566	616	\N
568	617	\N
569	\N	40
558	\N	\N
562	614	\N
544	599	\N
563	\N	\N
1568	1275	\N
570	618	\N
573	621	\N
574	622	\N
571	619	\N
567	\N	\N
572	620	\N
577	\N	\N
534	593	\N
541	595	\N
576	\N	\N
1569	\N	\N
598	640	\N
1607	\N	\N
589	635	\N
592	663	\N
591	\N	\N
1800	\N	158
2574	\N	188
593	637	\N
1682	\N	\N
590	636	\N
1720	\N	\N
1734	\N	\N
603	645	\N
597	643	\N
1770	\N	\N
604	644	\N
594	\N	\N
601	759	\N
606	647	\N
605	\N	\N
595	\N	\N
610	651	\N
625	660	\N
612	653	\N
611	652	\N
624	\N	\N
634	667	\N
602	650	\N
609	649	\N
1825	\N	\N
614	654	\N
616	655	\N
617	656	\N
618	\N	\N
615	658	\N
632	\N	\N
581	627	\N
622	\N	\N
623	659	\N
627	662	\N
586	631	\N
631	665	\N
633	666	\N
628	664	\N
629	\N	\N
630	\N	\N
1570	\N	\N
646	\N	\N
1683	1359	\N
649	680	\N
1735	1376	\N
651	686	\N
656	685	\N
2367	\N	\N
679	703	\N
652	\N	\N
648	\N	43
1721	\N	\N
659	687	\N
658	\N	\N
681	\N	\N
647	679	\N
663	692	\N
661	689	\N
662	691	\N
672	861	\N
669	696	\N
665	694	\N
654	683	\N
664	693	\N
674	700	\N
686	708	\N
670	766	\N
673	698	\N
653	682	\N
680	704	\N
671	697	\N
685	707	\N
1771	\N	\N
613	681	\N
687	\N	\N
657	\N	\N
677	\N	\N
676	701	\N
691	710	\N
678	702	\N
683	\N	45
1608	1304	\N
689	709	\N
675	699	\N
1859	\N	\N
703	718	\N
707	722	\N
700	716	\N
1647	1347	\N
717	730	\N
701	\N	\N
1707	445	\N
714	726	\N
722	848	\N
1684	\N	\N
721	728	\N
713	\N	\N
1785	1403	\N
719	\N	\N
2665	\N	\N
725	729	\N
715	\N	\N
716	\N	\N
723	809	\N
1722	\N	\N
668	737	\N
1736	\N	\N
731	\N	\N
726	731	\N
729	\N	46
733	735	\N
709	\N	\N
1772	\N	\N
718	\N	\N
730	733	\N
740	739	\N
728	\N	\N
743	742	\N
696	713	\N
1571	1276	\N
739	738	\N
737	\N	\N
741	740	\N
727	\N	\N
742	741	\N
744	743	\N
747	746	\N
746	745	\N
736	\N	\N
694	\N	\N
732	\N	\N
735	\N	\N
764	757	\N
1610	1305	\N
765	\N	\N
1648	1327	\N
753	\N	\N
776	770	\N
762	794	\N
1685	1350	\N
769	762	\N
1712	\N	151
771	764	\N
760	755	\N
767	761	\N
1723	1373	\N
768	760	\N
777	771	\N
791	781	\N
778	772	\N
774	\N	\N
779	\N	\N
773	768	\N
3591	2351	\N
784	775	\N
790	780	\N
2368	\N	\N
783	\N	\N
3095	2105	\N
785	776	\N
782	774	\N
795	786	\N
801	791	\N
789	782	\N
788	778	\N
794	785	\N
792	783	\N
798	938	\N
786	777	\N
793	784	\N
796	787	\N
1572	1277	\N
734	789	\N
750	748	\N
755	751	\N
766	758	\N
772	765	\N
1611	1306	\N
813	\N	\N
1649	1328	\N
817	806	\N
1686	1351	\N
825	\N	\N
814	804	\N
821	812	\N
835	824	\N
1773	1396	\N
815	\N	\N
829	820	\N
1802	1416	\N
830	\N	\N
849	836	\N
820	807	\N
833	821	\N
831	822	\N
836	\N	49
1826	1439	\N
832	\N	\N
841	827	\N
809	802	\N
2369	\N	\N
842	829	\N
838	\N	39
822	814	\N
859	838	\N
845	833	\N
844	832	\N
846	1177	\N
843	831	\N
851	\N	\N
852	\N	\N
860	\N	\N
855	\N	\N
861	\N	\N
850	\N	\N
848	835	\N
847	834	\N
857	\N	\N
858	837	\N
979	904	\N
1573	1278	\N
823	813	\N
826	\N	\N
864	841	\N
882	849	\N
1650	1329	\N
880	\N	\N
1715	1369	\N
897	855	\N
1612	\N	\N
898	\N	\N
1803	1415	\N
874	850	\N
1845	1449	\N
896	854	\N
881	\N	\N
876	\N	\N
1687	\N	\N
883	\N	108
888	1290	\N
889	853	\N
2575	1851	\N
884	\N	\N
899	\N	\N
1774	\N	\N
905	\N	\N
914	866	\N
910	863	\N
873	845	\N
916	868	\N
915	\N	\N
1574	1279	\N
908	860	\N
918	869	\N
911	864	\N
919	\N	\N
862	839	\N
875	846	\N
887	852	\N
901	\N	110
907	859	\N
909	862	\N
879	\N	\N
892	\N	\N
893	\N	\N
903	\N	\N
900	\N	109
891	\N	\N
912	\N	\N
1613	1307	\N
931	877	\N
1688	1422	\N
966	\N	\N
938	\N	\N
3334	2243	\N
934	879	\N
937	881	\N
1740	1379	\N
939	\N	\N
959	896	\N
941	\N	\N
947	\N	\N
2762	1939	\N
948	887	\N
943	883	\N
690	\N	\N
953	891	\N
944	884	\N
1775	\N	\N
957	894	\N
951	\N	114
952	889	\N
965	898	\N
958	\N	\N
956	1354	\N
961	897	\N
970	901	\N
964	\N	113
960	\N	\N
969	\N	\N
967	899	\N
978	\N	\N
974	\N	115
976	902	\N
972	965	\N
1575	1280	\N
926	874	\N
929	875	\N
946	885	\N
950	888	\N
933	\N	\N
945	\N	\N
962	\N	\N
963	\N	\N
975	\N	\N
973	\N	\N
1689	1353	\N
988	913	\N
995	920	\N
1804	1417	\N
997	\N	\N
1614	\N	\N
994	918	\N
1652	\N	\N
1000	922	\N
1004	925	\N
1002	924	\N
3593	\N	\N
1006	\N	42
998	\N	\N
1008	926	\N
1007	\N	\N
1003	\N	\N
1015	929	\N
1009	\N	116
1010	927	\N
1018	930	\N
1021	932	\N
1024	933	\N
1020	\N	\N
1022	\N	42
1776	\N	\N
1019	931	\N
1013	\N	\N
1028	\N	\N
1029	936	\N
981	906	\N
1031	937	\N
1027	935	\N
992	916	\N
1023	\N	\N
1017	\N	\N
1032	939	\N
1025	934	\N
1038	942	\N
1030	\N	\N
1035	941	\N
1576	1281	\N
1033	940	\N
1037	\N	\N
1016	\N	\N
1026	\N	\N
1653	1331	\N
1577	\N	\N
1045	\N	\N
1719	1372	\N
1056	\N	\N
1738	1377	\N
1690	\N	\N
1742	\N	\N
1070	958	\N
1067	956	\N
1060	949	\N
1080	968	\N
1739	1378	\N
1082	970	\N
1083	974	\N
1052	\N	\N
1741	1380	\N
1084	971	\N
1094	977	\N
1743	1381	\N
1087	975	\N
1092	976	\N
1777	1397	\N
3097	\N	\N
1086	973	\N
1788	\N	\N
1085	972	\N
1615	\N	144
2892	\N	\N
1050	948	\N
1076	\N	\N
1091	\N	\N
1093	\N	\N
1095	\N	\N
1090	\N	\N
1046	945	\N
1051	816	\N
1058	952	\N
1057	947	\N
1063	951	\N
1062	950	\N
1041	\N	\N
1042	\N	\N
1066	954	\N
1064	\N	\N
1073	\N	\N
1616	1309	\N
1107	987	\N
1146	1008	\N
1152	1012	\N
1100	\N	\N
1691	1356	\N
1110	990	\N
1778	1399	\N
1114	\N	\N
1828	1440	\N
1112	991	\N
1654	\N	\N
1113	992	\N
1124	\N	121
1123	\N	\N
1125	\N	122
1122	\N	\N
1119	\N	\N
1118	\N	\N
3267	2202	\N
1132	998	\N
1126	1065	\N
1127	\N	\N
1136	\N	\N
1133	999	\N
1131	1001	\N
1134	1000	\N
1138	\N	\N
1145	\N	\N
1130	996	\N
1143	\N	\N
1148	\N	\N
1149	\N	\N
1153	1013	\N
1144	1019	\N
1147	\N	\N
1099	979	\N
1103	1074	\N
1578	1282	\N
1129	995	\N
1137	1004	\N
1135	1003	\N
1150	1010	\N
1140	1006	\N
1101	\N	\N
1115	\N	\N
1579	\N	\N
1169	1026	\N
1692	1357	\N
1727	1374	\N
1779	1400	\N
1655	\N	\N
1168	\N	\N
1174	1029	\N
1176	\N	\N
1171	\N	123
1806	1419	\N
1173	1028	\N
2893	\N	\N
2576	\N	189
1170	1027	\N
1182	\N	\N
1194	1045	\N
1175	1030	\N
1167	\N	\N
1179	1033	\N
1183	\N	\N
1181	1035	\N
1189	1039	\N
1184	1036	\N
1198	1046	\N
1187	1037	\N
1193	1041	\N
1186	\N	\N
1209	1055	\N
1195	1043	\N
1192	1042	\N
1196	1053	\N
1829	\N	\N
1199	1047	\N
1191	1040	\N
1200	1048	\N
1203	\N	\N
1211	\N	\N
1204	1051	\N
1205	1052	\N
1197	1044	\N
1210	1058	\N
1208	\N	\N
1159	1018	\N
1206	\N	\N
1185	\N	\N
1780	1401	\N
1231	\N	\N
1807	1420	\N
1226	1067	\N
1618	\N	\N
1223	\N	\N
1227	1068	\N
1693	\N	\N
1233	1072	\N
1656	\N	\N
1238	\N	\N
3335	\N	\N
1225	1069	\N
1234	1075	\N
1242	1080	\N
1232	1078	\N
1879	1470	\N
1240	1086	\N
2577	\N	\N
1244	\N	\N
1241	\N	\N
1245	\N	\N
1248	1082	\N
1237	\N	\N
1246	1081	\N
1213	1060	\N
1249	\N	\N
1262	1090	\N
1256	1085	\N
1222	1066	\N
1259	\N	\N
1216	\N	\N
1255	1084	\N
1267	1094	\N
1264	1091	\N
1243	\N	\N
1270	\N	\N
1269	1096	\N
1265	1093	\N
1260	\N	\N
1229	1070	\N
1257	1088	\N
1268	1098	\N
1580	1283	\N
1252	\N	\N
1224	\N	\N
1657	1334	\N
1284	1233	\N
1619	1311	\N
1310	\N	\N
1289	1111	\N
1303	\N	\N
1283	1107	\N
1694	1358	\N
1285	1115	\N
1282	\N	\N
1729	1436	\N
1746	\N	\N
1309	\N	\N
1296	1118	\N
1307	1126	\N
1312	1127	\N
1290	1112	\N
1291	1113	\N
1301	\N	\N
1298	1121	\N
1299	1124	\N
2458	\N	\N
1302	\N	\N
1304	\N	\N
2978	2041	\N
1308	\N	\N
1313	1128	\N
1300	1122	\N
1321	\N	\N
1297	1119	\N
1314	1129	\N
1315	1130	\N
1322	\N	\N
1318	\N	\N
1316	1132	\N
1324	1135	\N
1288	1109	\N
1581	1284	\N
1325	\N	\N
1323	\N	\N
1247	1097	\N
1320	1134	\N
1294	1120	\N
1274	1100	\N
1332	1142	\N
1658	\N	149
1346	\N	\N
1620	\N	\N
1809	1423	\N
1343	\N	\N
1359	1159	\N
1367	1165	\N
1339	1150	\N
1347	\N	\N
1349	\N	\N
2675	\N	\N
1342	\N	\N
1831	1744	\N
1335	1146	\N
1348	1156	\N
1695	\N	\N
1747	\N	\N
1345	1155	\N
1352	\N	\N
1350	\N	\N
1356	\N	\N
1351	\N	\N
1360	1160	\N
1366	1164	\N
1362	1161	\N
1372	1169	\N
1355	\N	23
1354	\N	\N
1369	1166	\N
1374	1170	\N
1365	\N	\N
1376	1172	\N
1361	\N	\N
1353	1157	\N
1373	\N	\N
1371	1168	\N
1381	1176	\N
1375	1171	\N
1382	\N	133
1379	1174	\N
1582	1285	\N
1378	\N	\N
1383	\N	\N
1364	1163	\N
1326	\N	\N
1357	\N	\N
1731	1375	\N
1621	\N	\N
1391	\N	\N
1761	1391	\N
2459	1791	\N
1428	\N	\N
1397	1184	\N
1439	1206	\N
1659	\N	\N
1396	\N	134
1696	\N	\N
1406	1189	\N
1409	\N	136
1407	\N	\N
1408	\N	\N
1420	1196	\N
1404	\N	\N
1401	1187	\N
1413	1192	\N
1783	\N	\N
1421	1197	\N
1412	1190	\N
1423	1199	\N
1425	1200	\N
1417	\N	\N
1438	\N	\N
1429	\N	\N
1419	\N	\N
1427	\N	\N
1430	1202	\N
1426	1201	\N
1441	\N	\N
1832	\N	\N
1388	1179	\N
1436	1204	\N
1432	1203	\N
1415	1194	\N
1414	1193	\N
1437	1308	\N
1392	\N	\N
1399	1186	\N
1398	1185	\N
1402	\N	\N
1418	\N	\N
1434	\N	\N
1433	\N	\N
1435	\N	\N
1622	\N	145
1464	1216	\N
1660	1337	\N
1462	\N	\N
2676	\N	\N
1697	1360	\N
1451	\N	129
1457	\N	\N
1749	1385	\N
1465	1217	\N
1463	\N	\N
1455	1214	\N
1745	1383	\N
1456	\N	\N
1461	972	\N
1469	\N	\N
1447	1210	\N
2455	\N	\N
1466	1218	\N
1473	\N	\N
1467	\N	\N
1468	\N	\N
1475	1221	\N
1477	\N	\N
1481	1223	\N
1487	\N	\N
1480	\N	140
1492	1228	\N
1784	\N	\N
1584	1289	\N
1498	\N	\N
1490	\N	\N
1499	\N	\N
1474	1220	\N
1453	1212	\N
1472	1442	\N
1479	\N	141
1482	1224	\N
1484	1225	\N
1493	1229	\N
1497	1230	\N
1449	\N	\N
1476	\N	\N
1483	\N	\N
1488	\N	\N
1486	\N	\N
1623	1316	\N
1514	\N	\N
1517	1240	\N
1661	1338	\N
1549	1264	\N
1552	1266	\N
1698	1361	\N
1744	1382	\N
1272	\N	\N
1833	1441	\N
1528	1246	\N
2460	\N	\N
890	2244	\N
1525	1244	\N
1520	1242	\N
1521	1413	\N
1523	1243	\N
1519	1250	\N
1531	1249	\N
1534	1252	\N
1529	\N	\N
1535	1253	\N
1532	\N	\N
1539	1257	\N
1537	1255	\N
1533	1251	\N
1541	1259	\N
1750	\N	\N
1542	1260	\N
3501	\N	267
1545	1263	\N
1500	1231	\N
1553	1267	\N
1538	1256	\N
1556	1317	\N
1585	1288	\N
1554	\N	\N
1550	\N	\N
1555	\N	\N
1522	1247	\N
1513	1237	\N
1527	1245	\N
1505	\N	\N
1526	\N	\N
1586	\N	\N
1748	1384	\N
1624	1312	\N
5	\N	\N
1	\N	\N
125	\N	\N
172	\N	\N
193	\N	\N
1699	\N	\N
8	\N	14
7	\N	4
12	138	\N
16	149	\N
22	154	\N
30	165	\N
48	201	\N
55	215	\N
58	218	\N
61	222	\N
64	224	\N
62	227	\N
70	233	\N
69	232	\N
73	235	\N
74	236	\N
88	247	\N
93	252	\N
104	260	\N
118	274	\N
115	275	\N
116	269	\N
122	279	\N
123	\N	10
130	282	\N
140	291	\N
156	342	\N
158	307	\N
178	343	\N
171	332	\N
184	348	\N
181	346	\N
185	349	\N
195	355	\N
201	360	\N
211	367	\N
1548	1269	\N
1662	1339	\N
1700	1362	\N
417	\N	\N
419	\N	\N
433	\N	\N
497	\N	\N
561	\N	\N
1786	1404	\N
1812	1426	\N
868	\N	\N
1848	1452	\N
940	\N	\N
1111	\N	\N
2461	\N	\N
1368	\N	\N
1389	\N	\N
1502	\N	\N
1508	\N	\N
1587	\N	\N
2578	\N	\N
1543	1261	\N
1751	\N	\N
220	371	\N
253	\N	24
267	402	\N
287	424	\N
295	431	\N
297	432	\N
347	466	\N
398	504	\N
407	\N	160
435	527	\N
464	550	\N
465	551	\N
584	763	\N
607	646	\N
636	669	\N
695	711	\N
807	819	\N
839	825	\N
984	909	\N
1081	969	\N
1158	1016	\N
1190	\N	125
1385	1178	\N
1448	\N	44
1544	1262	\N
1626	1314	\N
296	\N	\N
352	\N	\N
406	\N	\N
1752	1386	\N
621	\N	\N
922	\N	\N
1813	1427	\N
1849	1453	\N
1411	\N	\N
1431	\N	\N
1588	\N	\N
1861	1463	\N
1663	\N	\N
1701	\N	\N
1872	1643	\N
2462	\N	\N
1890	\N	162
1912	\N	165
1834	\N	\N
1928	1495	\N
1937	1502	\N
1880	\N	\N
1950	1513	\N
1921	\N	\N
1943	\N	\N
1958	\N	\N
1964	\N	\N
1970	\N	\N
710	724	\N
1979	\N	\N
1985	\N	\N
523	\N	\N
290	427	\N
408	510	\N
582	629	\N
640	\N	50
684	706	\N
697	\N	28
711	\N	42
761	756	\N
810	800	\N
1202	1050	\N
1207	1054	\N
1219	1062	\N
1276	1101	\N
1341	1151	\N
1558	1271	\N
1627	1315	\N
1702	1363	\N
1781	1402	\N
856	\N	\N
1835	1443	\N
1263	\N	\N
1311	\N	\N
1850	1454	\N
1446	\N	\N
1458	\N	\N
1871	1468	\N
1897	1480	\N
1664	\N	\N
1889	1476	\N
1273	\N	\N
1753	\N	\N
2677	\N	\N
1929	1496	\N
872	844	\N
1938	1489	\N
1944	1507	\N
1951	1512	\N
1862	\N	\N
1881	\N	\N
1904	\N	\N
1922	\N	\N
487	\N	\N
469	553	\N
524	586	\N
539	\N	38
596	639	\N
626	661	\N
748	747	\N
797	788	\N
802	792	\N
818	810	\N
840	828	\N
870	1412	\N
923	\N	112
985	910	\N
1034	1105	\N
1220	\N	128
1329	1141	\N
1331	1143	\N
1395	1183	\N
1589	1292	\N
224	\N	\N
353	\N	\N
527	\N	\N
1703	\N	150
645	\N	\N
1754	1387	\N
867	\N	\N
1789	1408	\N
1048	\N	\N
1044	\N	\N
1815	1428	\N
1387	\N	\N
1491	\N	\N
1836	1444	\N
1628	\N	\N
1873	\N	\N
363	478	\N
3098	2106	\N
1882	1471	\N
1905	\N	163
1914	1488	\N
1923	1491	\N
1952	\N	166
1959	\N	167
1863	\N	\N
1891	\N	\N
1898	\N	\N
1930	\N	\N
1939	\N	\N
1965	\N	\N
1971	\N	\N
462	549	\N
580	626	\N
608	648	\N
692	712	\N
754	750	\N
759	754	\N
780	773	\N
816	805	\N
1155	1014	\N
1235	1076	\N
1287	1110	\N
1363	1162	\N
1377	1173	\N
1390	1181	\N
1510	1239	\N
1590	1291	\N
1666	1340	\N
1704	\N	150
751	\N	\N
770	\N	\N
1782	\N	155
1214	\N	\N
1837	1445	\N
1393	\N	\N
1852	1456	\N
1511	\N	\N
3594	2352	\N
1874	1469	\N
1899	1481	\N
1906	1483	\N
1629	\N	\N
1452	1213	\N
2463	1792	\N
1931	1497	\N
1946	1517	\N
1953	1514	\N
1755	\N	\N
1334	1145	\N
1790	\N	\N
1982	1523	\N
1883	\N	\N
1892	\N	\N
1915	\N	\N
1924	\N	\N
1960	\N	\N
1966	\N	\N
1972	\N	\N
1976	\N	\N
476	558	\N
537	591	\N
583	630	\N
637	670	\N
702	717	\N
811	803	\N
878	847	\N
968	900	\N
987	912	\N
1011	\N	28
1157	1017	\N
1228	1087	\N
1337	1148	\N
1344	1154	\N
1442	1326	\N
1630	1318	\N
1667	1341	\N
443	\N	\N
1705	1365	\N
1756	1388	\N
758	\N	\N
1059	\N	\N
1787	1405	\N
1459	\N	\N
1524	\N	\N
863	840	\N
1805	1418	\N
1900	1482	\N
1907	1484	\N
1932	1498	\N
1865	\N	\N
1941	1503	\N
1947	1509	\N
2764	1940	\N
1853	\N	\N
1875	\N	\N
1884	\N	\N
1893	\N	\N
1916	\N	\N
1961	\N	\N
1967	\N	\N
239	384	\N
291	428	\N
301	\N	18
348	467	\N
466	\N	33
477	557	\N
522	584	\N
543	597	\N
555	609	\N
643	676	\N
688	1286	\N
920	870	\N
1012	\N	28
1097	983	\N
1105	\N	118
1166	1025	\N
1293	1116	\N
1504	1234	\N
1557	1270	\N
1631	\N	146
510	\N	\N
1668	1342	\N
895	\N	\N
904	\N	\N
927	\N	\N
1795	1434	\N
1043	\N	\N
1098	\N	\N
1253	\N	\N
1258	\N	\N
1279	\N	\N
1338	\N	\N
1839	1447	\N
1503	\N	\N
1854	1457	\N
1885	1472	\N
2464	1793	\N
1706	\N	\N
1757	\N	\N
1165	\N	\N
1866	\N	\N
1876	\N	\N
1894	\N	\N
1901	\N	\N
1917	\N	\N
1933	\N	\N
1116	\N	119
240	385	\N
289	426	\N
350	470	\N
411	512	\N
447	536	\N
472	555	\N
509	575	\N
532	589	\N
635	668	\N
749	799	\N
913	865	\N
942	882	\N
936	880	\N
993	917	\N
1072	961	\N
1109	\N	169
1139	1005	\N
1221	1063	\N
1450	1211	\N
1593	1293	\N
1669	1346	\N
1793	1407	\N
693	\N	\N
1791	\N	156
866	\N	\N
1855	1458	\N
1867	1465	\N
1403	\N	\N
1594	\N	\N
1632	\N	\N
1877	1477	\N
2465	\N	\N
1886	1473	\N
1758	\N	\N
1909	1485	\N
1925	1492	\N
1840	\N	\N
1934	1499	\N
1948	1510	\N
1973	1520	\N
1895	\N	\N
1980	\N	168
1918	\N	\N
1962	\N	\N
1968	\N	\N
1977	\N	\N
1983	\N	\N
246	391	\N
405	509	\N
525	1056	\N
538	594	\N
642	674	\N
819	811	\N
906	858	\N
925	873	\N
930	876	\N
986	911	\N
1096	978	\N
1106	986	\N
1156	1020	\N
1188	1038	\N
1218	1061	\N
1440	1207	\N
1507	156	\N
1516	1238	\N
292	\N	\N
298	\N	\N
1633	1319	\N
1670	1343	\N
869	\N	\N
877	\N	\N
885	\N	\N
1005	\N	\N
1049	\N	\N
1055	\N	\N
1142	\N	\N
1160	\N	\N
1708	1370	\N
1386	\N	\N
1759	1389	\N
1792	1406	\N
1856	1459	\N
1868	1466	\N
1887	1474	\N
1910	1486	\N
1794	\N	\N
2466	1794	\N
1902	\N	\N
1926	\N	\N
1956	\N	\N
255	397	\N
351	471	\N
360	475	\N
369	482	\N
587	633	\N
641	673	\N
699	715	\N
712	725	\N
806	797	\N
837	830	\N
894	895	\N
990	915	\N
1014	928	\N
1121	994	\N
1215	\N	126
1236	1077	\N
1328	1137	\N
1424	\N	137
1443	1208	\N
1454	\N	138
1471	\N	120
357	\N	\N
1671	1344	\N
1737	1478	\N
1047	\N	\N
1053	\N	\N
1089	\N	\N
1275	\N	\N
1460	\N	\N
1760	1390	\N
1799	1411	\N
1857	1460	\N
1709	\N	\N
1869	1467	\N
2467	\N	\N
1888	1475	\N
1911	\N	164
1842	\N	\N
1936	1501	\N
1942	1506	\N
1949	1511	\N
1957	1518	\N
1974	1521	\N
305	438	\N
1903	\N	\N
1963	\N	\N
1919	\N	\N
1634	\N	\N
1978	\N	\N
1981	\N	\N
1984	\N	\N
1986	\N	\N
1987	\N	\N
1988	\N	\N
317	446	\N
361	476	\N
470	554	\N
535	592	\N
644	677	\N
738	736	\N
752	749	\N
921	871	\N
1117	993	\N
1217	\N	127
1327	1136	\N
1336	1147	\N
1509	1235	\N
1596	\N	142
1989	\N	\N
1990	\N	\N
2012	1625	\N
2468	\N	\N
2000	1526	\N
1993	\N	\N
1994	\N	\N
2017	\N	\N
1991	1524	\N
1975	\N	\N
1996	\N	\N
1997	\N	\N
1998	\N	\N
1999	\N	\N
1995	1522	\N
1808	1421	\N
2018	\N	\N
2019	\N	\N
2020	\N	\N
2001	\N	\N
2021	\N	\N
2002	\N	\N
2003	\N	\N
2022	\N	\N
2023	\N	\N
2024	\N	\N
2004	\N	\N
2005	\N	\N
2026	1529	\N
2006	\N	\N
2007	\N	\N
2033	1533	\N
2008	\N	\N
2009	\N	\N
2010	\N	\N
2011	\N	\N
2030	\N	170
2014	\N	\N
2015	\N	\N
2016	\N	\N
2013	1527	\N
2025	\N	\N
2027	1528	\N
2028	\N	\N
2666	1890	\N
2579	1852	\N
3	\N	\N
1254	\N	\N
1104	\N	\N
422	\N	\N
2031	\N	\N
2037	\N	\N
2038	\N	\N
2039	1537	\N
2040	1539	\N
2049	\N	170
2042	\N	\N
2041	1538	\N
2667	\N	\N
2055	1543	\N
2045	\N	\N
2046	\N	\N
2047	\N	\N
2048	\N	\N
2052	1558	\N
2051	1608	\N
2054	\N	\N
2050	1541	\N
2058	1599	\N
2060	1554	\N
366	\N	\N
2059	1544	\N
2061	1547	\N
2063	1548	\N
2066	1550	\N
2064	\N	\N
2068	1552	\N
2074	1557	\N
2075	1624	\N
2070	1556	\N
2056	1545	\N
2057	\N	171
2069	\N	\N
2067	1551	\N
2072	\N	\N
2073	\N	\N
2080	1561	\N
2079	1565	\N
2062	1546	\N
2082	1562	\N
2076	1559	\N
2078	\N	\N
2081	1563	\N
2053	1771	\N
1810	1424	\N
2035	1534	\N
724	1536	\N
2679	1893	\N
2090	1572	\N
2089	1569	\N
2093	1573	\N
2088	1570	\N
2092	1797	\N
2087	1568	\N
2103	1579	\N
2099	1577	\N
2097	1576	\N
2101	1647	\N
2102	1578	\N
2098	\N	\N
2104	1580	\N
2105	1581	\N
2100	\N	\N
2109	1584	\N
2116	1589	\N
2112	1587	\N
2113	1586	\N
2111	1588	\N
2108	\N	\N
2114	1585	\N
2122	1594	\N
2110	\N	\N
2118	1591	\N
2119	1592	\N
2121	1593	\N
2117	1590	\N
2115	\N	\N
2128	1598	\N
2126	1596	\N
2127	1597	\N
2120	\N	\N
2124	1595	\N
2134	1604	\N
2132	1602	\N
2123	\N	\N
1811	1425	\N
2133	1603	\N
2130	1601	\N
2129	1600	\N
2131	\N	\N
2085	1567	\N
2142	1610	\N
2469	1795	\N
2146	1646	\N
2894	1990	\N
2145	1613	\N
2139	\N	\N
1814	1009	\N
3596	2353	\N
2147	1616	\N
2143	1611	\N
2151	1620	\N
2144	\N	\N
2148	1617	\N
2149	1618	\N
2150	1619	\N
2157	1631	\N
2155	1627	\N
2154	1626	\N
2159	1633	\N
2161	1630	\N
2158	1651	\N
2160	1629	\N
2162	1632	\N
2167	1637	\N
2168	1638	\N
2173	1641	\N
2169	1639	\N
2170	1675	\N
2175	1642	\N
2171	1640	\N
2180	1650	\N
2179	1644	\N
2176	1649	\N
2183	1648	\N
2181	1645	\N
2174	\N	\N
2184	1652	\N
2370	1756	\N
2178	\N	\N
2177	1728	\N
2182	\N	\N
2185	\N	\N
2125	1614	\N
2136	1605	\N
1817	1437	\N
2187	\N	\N
2191	1655	\N
2195	1661	\N
2188	1654	\N
2470	\N	\N
2194	1660	\N
2189	1695	\N
2200	1667	\N
2193	1659	\N
2201	1665	\N
2196	\N	\N
2198	1663	\N
2203	\N	172
2199	\N	\N
2205	1668	\N
2202	\N	\N
2209	1671	\N
2210	1672	\N
2212	1676	\N
2213	1685	\N
2214	1677	\N
2215	1678	\N
2219	1681	\N
2220	1682	\N
2218	1680	\N
2216	1679	\N
2223	1684	\N
2227	1688	\N
2224	1686	\N
2217	\N	\N
2226	1687	\N
2222	1683	\N
2234	1693	\N
2221	\N	\N
2233	1692	\N
2228	1689	\N
2231	1691	\N
2235	1653	\N
2225	\N	\N
2211	\N	\N
2229	\N	\N
2232	\N	\N
2186	\N	\N
2190	1656	\N
2239	\N	174
2246	1702	\N
2241	\N	\N
2471	\N	\N
2237	\N	173
2240	1789	\N
3336	2245	\N
2248	1697	\N
2243	\N	118
2268	1712	\N
2265	\N	\N
2251	1700	\N
2247	\N	\N
2253	1703	\N
2258	1705	\N
2260	1706	\N
2252	1701	\N
2250	1699	\N
2245	\N	118
2262	1708	\N
2267	1711	\N
2255	\N	\N
2256	\N	\N
2257	\N	\N
2254	1704	\N
2259	\N	\N
2263	1709	\N
2269	1713	\N
2270	1714	\N
2281	1720	\N
2266	\N	\N
2271	1715	\N
2272	1716	\N
2275	1717	\N
2283	1721	\N
2274	\N	\N
2276	\N	\N
2277	\N	\N
2278	\N	\N
2279	\N	\N
2280	\N	\N
1820	1432	\N
2282	\N	\N
2285	\N	\N
2286	\N	\N
2236	1694	\N
2287	\N	\N
2288	\N	\N
2678	1894	\N
2290	\N	\N
2291	\N	\N
2292	\N	\N
2293	\N	\N
2295	\N	\N
2296	\N	\N
2	\N	1
11	132	\N
14	144	\N
15	145	\N
13	139	\N
47	200	\N
52	210	\N
60	221	\N
59	220	\N
57	217	\N
81	242	\N
87	246	\N
97	256	\N
110	265	\N
114	268	\N
119	276	\N
117	272	\N
121	278	\N
134	287	\N
132	285	\N
142	293	\N
149	300	\N
145	296	\N
2979	\N	\N
174	340	\N
182	347	\N
196	\N	16
199	358	\N
210	366	\N
218	369	\N
221	\N	18
219	370	\N
231	376	\N
236	380	\N
237	381	\N
235	379	\N
241	396	\N
2294	1747	\N
242	\N	22
249	394	\N
262	1658	\N
283	421	\N
284	422	\N
280	419	\N
288	425	\N
302	435	\N
313	444	\N
324	451	\N
328	453	\N
326	452	\N
333	458	\N
335	459	\N
355	472	\N
367	481	\N
371	484	\N
377	487	\N
382	492	\N
394	501	\N
403	507	\N
410	511	\N
418	517	\N
421	519	\N
429	525	\N
444	535	\N
452	541	\N
463	548	\N
461	547	\N
479	\N	34
484	560	\N
499	\N	35
511	576	\N
514	578	\N
520	581	\N
528	\N	36
542	596	\N
545	600	\N
548	603	\N
546	602	\N
547	601	\N
565	628	\N
579	625	\N
578	624	\N
585	229	\N
588	634	\N
599	642	\N
660	688	\N
1816	1429	\N
1818	1430	\N
2371	\N	\N
2396	\N	\N
2472	1796	\N
2487	1799	\N
2580	1853	\N
2680	1895	\N
3592	2354	\N
2668	\N	199
2765	1941	\N
2805	\N	\N
2980	2061	\N
3096	\N	224
3036	2074	\N
3185	\N	234
3268	2203	\N
3337	\N	243
2895	\N	\N
3345	2250	\N
3420	\N	\N
3502	\N	268
3587	2348	\N
600	641	\N
705	720	\N
720	727	\N
1819	1431	\N
2473	\N	\N
2372	1757	\N
2488	\N	\N
2397	1764	\N
2581	1854	\N
2669	\N	\N
2896	\N	\N
2681	1896	\N
2766	1944	\N
2806	1966	\N
2981	2043	\N
3037	\N	\N
3099	\N	224
3186	\N	\N
3269	\N	\N
3595	\N	277
3338	\N	244
3346	2251	\N
3421	2285	\N
3503	\N	268
3588	2349	\N
619	675	\N
620	657	\N
639	672	\N
682	705	\N
704	719	\N
745	744	\N
756	752	\N
787	779	\N
804	795	\N
827	817	\N
1821	1433	\N
1827	\N	159
1824	1438	\N
2682	\N	\N
2373	\N	\N
2897	\N	\N
2489	\N	\N
2398	\N	182
2767	1943	\N
2582	1855	\N
2982	\N	\N
2807	1959	\N
3038	\N	\N
3100	\N	\N
4	\N	165
667	1530	\N
2670	1891	\N
3187	\N	235
3270	\N	\N
3339	2246	\N
3347	\N	\N
3183	\N	233
448	\N	\N
3589	2350	\N
3597	2355	\N
638	671	\N
655	684	\N
708	723	\N
1838	1446	\N
1841	1448	\N
2374	\N	\N
2474	\N	\N
2399	\N	182
2490	\N	\N
2583	\N	\N
2671	\N	\N
3101	\N	\N
2768	1945	\N
2808	\N	\N
2683	\N	\N
3188	2146	\N
2898	\N	197
2983	2044	\N
3039	2092	\N
3271	2204	\N
3340	\N	245
3598	2356	\N
3422	\N	250
3348	\N	\N
3504	\N	269
666	695	\N
698	714	\N
706	721	\N
757	753	\N
763	\N	48
775	769	\N
781	1057	\N
800	790	\N
799	826	\N
803	793	\N
805	796	\N
808	798	\N
812	801	\N
824	815	\N
828	818	\N
834	823	\N
865	842	\N
871	843	\N
886	851	\N
902	\N	111
917	867	\N
928	964	\N
932	878	\N
935	1490	\N
949	886	\N
954	892	\N
955	893	\N
977	903	\N
983	908	\N
980	905	\N
982	907	\N
989	914	\N
991	\N	42
1001	923	\N
999	921	\N
996	919	\N
1036	1064	\N
1039	943	\N
1040	944	\N
1054	946	\N
1061	960	\N
1065	953	\N
1068	955	\N
1071	959	\N
1069	957	\N
1074	962	\N
1102	984	\N
1141	1007	\N
1164	\N	124
1847	1451	\N
1846	1450	\N
1860	1462	\N
1927	1493	\N
1920	1718	\N
1954	1515	\N
2083	1564	\N
2094	1575	\N
2137	1606	\N
2375	\N	\N
2400	\N	\N
2475	\N	\N
2491	\N	\N
2584	\N	190
2029	\N	\N
1445	1892	\N
2674	\N	\N
2769	1950	\N
3102	2107	\N
2809	\N	148
2899	\N	\N
3184	\N	236
2984	2045	\N
3040	2076	\N
3272	2205	\N
3341	2248	\N
3599	2357	\N
3423	\N	\N
3349	\N	\N
3505	2314	\N
1075	678	\N
1154	1015	\N
1163	1023	\N
1851	1455	\N
1864	1464	\N
2065	1549	\N
2086	1566	\N
2376	1759	\N
2401	\N	\N
2476	\N	\N
2492	\N	\N
2585	1856	\N
2900	\N	211
2673	\N	\N
2770	1946	\N
2810	1975	\N
2985	2047	\N
3103	2108	\N
3041	2077	\N
3189	\N	\N
3273	2206	\N
3600	2358	\N
3424	\N	\N
3350	\N	\N
3342	\N	\N
3506	2315	\N
1078	966	\N
1878	1542	\N
1913	1487	\N
1955	1516	\N
2044	1540	\N
2077	1560	\N
2095	1574	\N
2107	1583	\N
2141	1609	\N
2166	1636	\N
2477	\N	\N
2377	1758	\N
2402	\N	\N
2684	\N	\N
2771	\N	\N
2586	\N	\N
2811	\N	\N
3104	\N	\N
2901	1993	\N
2493	\N	186
1161	\N	\N
2986	2048	\N
3042	2086	\N
3190	2149	\N
3274	2207	\N
3343	2249	\N
3351	\N	149
3425	\N	\N
3507	\N	\N
3601	2359	\N
1077	\N	117
1108	988	\N
1151	1011	\N
1162	1022	\N
1896	1479	\N
2378	\N	\N
2403	\N	\N
2478	\N	\N
2494	\N	\N
2587	\N	\N
2685	1898	\N
2772	1947	\N
2902	1994	\N
2812	1967	\N
3344	\N	\N
2987	2049	\N
3105	2110	\N
3043	2078	\N
3352	\N	\N
3191	2147	\N
3275	2208	\N
3426	\N	221
3508	2316	\N
3602	2360	\N
1128	997	\N
1908	1504	\N
1945	1508	\N
1992	1525	\N
2036	1535	\N
2034	1532	\N
2071	1555	\N
2084	1615	\N
2096	1621	\N
2106	1582	\N
2140	1664	\N
2152	1622	\N
2164	1635	\N
2197	1662	\N
2379	\N	\N
2404	\N	\N
2479	\N	\N
2495	\N	\N
2686	\N	\N
2588	1857	\N
2773	\N	\N
2813	1989	\N
2903	\N	\N
2988	2050	\N
3106	2109	\N
3044	\N	220
3192	2148	\N
3353	2252	\N
3276	2209	\N
3427	2287	\N
3509	\N	\N
3603	2361	\N
1178	1032	\N
1212	1059	\N
1271	1099	\N
1277	1103	\N
1444	1209	\N
1470	1219	\N
1501	1232	\N
1940	1505	\N
1935	1500	\N
1969	1519	\N
2043	1553	\N
2091	1571	\N
2153	1623	\N
2192	1657	\N
2380	\N	\N
2405	\N	\N
2480	\N	\N
2687	\N	\N
2496	1800	\N
2589	\N	\N
2904	\N	\N
2774	1948	\N
2814	1968	\N
3107	2113	\N
2989	\N	214
3045	\N	\N
3193	\N	\N
3277	2210	\N
3354	\N	39
3428	2288	\N
3510	\N	\N
3604	2362	\N
1177	1031	\N
1230	1071	\N
1281	1106	\N
1278	1104	\N
1280	\N	130
1305	1125	\N
1333	1144	\N
1330	1138	\N
1358	1158	\N
1370	1167	\N
1410	1191	\N
1422	1198	\N
2138	1607	\N
2156	1628	\N
2204	1666	\N
2481	\N	\N
2381	1760	\N
2497	\N	\N
2406	1765	\N
2590	\N	\N
2905	\N	\N
2688	1899	\N
2775	\N	\N
2990	\N	\N
3046	\N	\N
2815	2103	\N
3108	2111	\N
3194	\N	\N
3355	2253	\N
3278	2211	\N
3429	2289	\N
1251	\N	\N
3511	\N	\N
3605	2363	\N
1180	1034	\N
1201	1049	\N
1261	1089	\N
1295	1117	\N
1319	1133	\N
1340	1149	\N
1384	1205	\N
1394	1182	\N
1494	1268	\N
2165	1634	\N
2382	\N	\N
2482	\N	\N
2498	\N	\N
2407	\N	183
2591	1858	\N
2906	\N	\N
2689	341	\N
2776	\N	\N
2816	\N	\N
2991	\N	\N
3047	2080	\N
3356	\N	\N
3109	2112	\N
3195	\N	\N
3279	\N	\N
3430	2290	\N
3512	\N	265
3606	2364	\N
1239	1079	\N
1266	1095	\N
1292	1114	\N
1317	1131	\N
1416	1195	\N
1478	\N	139
1518	1241	\N
1551	1265	\N
1583	1287	\N
2208	1673	\N
2289	1723	\N
2284	1722	\N
2483	\N	\N
2383	\N	179
2408	\N	\N
177	\N	\N
2499	1801	\N
2777	\N	\N
2592	1859	\N
2817	\N	\N
2907	\N	\N
2992	\N	\N
3048	\N	\N
3110	\N	\N
3196	2150	\N
3280	2212	\N
3607	2365	\N
3513	\N	269
3431	2291	\N
3357	1971	\N
1286	1108	\N
1380	1175	\N
1405	1188	\N
1400	\N	135
1485	1226	\N
1489	1227	\N
2207	1670	\N
2230	1690	\N
2244	\N	175
2261	1707	\N
2484	\N	\N
2500	\N	\N
2384	\N	177
2409	\N	\N
2593	1860	\N
2908	1996	\N
2690	\N	1
2778	1951	\N
2818	1969	\N
2993	2051	\N
3049	\N	\N
3111	\N	225
3197	\N	\N
3281	2213	\N
3358	\N	246
3432	2292	\N
3608	2366	\N
3514	\N	270
1506	1355	\N
1547	1719	\N
1592	\N	129
2206	1669	\N
2242	1696	\N
2485	\N	\N
2385	1761	\N
2410	\N	\N
2691	\N	\N
2501	1802	\N
2594	\N	\N
2779	\N	\N
2819	\N	\N
2909	\N	\N
2994	\N	\N
3112	\N	\N
3050	2081	\N
3198	2152	\N
3282	2214	\N
3359	\N	243
3433	2296	\N
3609	\N	278
3515	\N	267
1512	1236	\N
1536	1254	\N
2249	1698	\N
2264	1710	\N
2386	\N	\N
2411	\N	\N
2486	1798	\N
3113	\N	\N
2502	1803	\N
1870	1861	\N
2692	\N	200
2780	1952	\N
2820	\N	\N
2910	1897	\N
3199	2153	\N
2995	2052	\N
3051	\N	\N
3283	2215	\N
3360	\N	247
3434	2293	\N
3610	\N	120
3516	\N	266
1540	1258	\N
1562	1272	\N
1617	1310	\N
2297	1724	\N
2387	1762	\N
2412	\N	\N
2503	1807	\N
2595	1862	\N
2911	\N	\N
2781	1953	\N
2821	\N	\N
3114	\N	\N
2996	2053	\N
3200	\N	\N
3052	2082	\N
3284	2216	\N
3611	\N	\N
2693	2242	\N
3361	2255	\N
3435	\N	\N
3517	\N	261
1595	1294	\N
2298	\N	176
2388	1763	\N
2504	1804	\N
2413	1766	\N
2596	\N	\N
2912	\N	\N
2694	\N	201
2782	1954	\N
2822	1970	\N
3053	2083	\N
3115	2116	\N
3201	\N	\N
3285	\N	\N
3362	2256	\N
2997	\N	\N
3436	\N	\N
3612	2367	\N
3518	\N	260
2299	\N	\N
2389	\N	\N
2414	\N	\N
2505	\N	\N
2597	\N	\N
2457	\N	\N
2695	\N	200
2998	2054	\N
2783	1955	\N
3054	2085	\N
2823	\N	186
3116	2114	\N
3202	\N	\N
3613	\N	\N
3286	2218	\N
3363	2257	\N
3437	\N	253
3519	\N	258
2300	\N	\N
2390	\N	181
2415	1767	\N
2506	1805	\N
2598	\N	\N
2456	\N	\N
2696	1900	\N
2784	1956	\N
2999	\N	216
3364	\N	\N
3117	2115	\N
3055	\N	221
3438	\N	\N
3203	2156	\N
3287	2217	\N
3614	\N	\N
3520	\N	257
2301	1725	\N
2391	\N	\N
2416	\N	\N
2697	\N	\N
2507	1806	\N
2599	\N	\N
2913	\N	\N
2785	1957	\N
3118	\N	\N
3615	2368	\N
3056	2084	\N
3365	\N	\N
3000	2151	\N
3204	\N	\N
2273	2219	\N
2825	1869	\N
3439	2294	\N
3521	\N	256
2302	1726	\N
2698	\N	\N
2508	\N	186
2600	\N	\N
2392	\N	181
2417	\N	\N
2914	\N	\N
2786	1958	\N
3119	\N	\N
2826	\N	\N
3366	\N	\N
3001	\N	214
3205	\N	237
3057	\N	221
3288	2220	\N
3440	2295	\N
3522	\N	263
3616	2369	\N
2303	\N	\N
2393	\N	\N
2509	\N	\N
2418	\N	\N
2601	1863	\N
2699	\N	202
2787	\N	\N
2827	\N	\N
2915	1997	\N
3367	\N	\N
3002	2055	\N
3120	2117	\N
3058	\N	220
3441	\N	\N
3206	2155	\N
3289	\N	239
3523	\N	271
3617	2370	\N
2304	\N	\N
2510	\N	\N
2394	\N	179
2419	1768	\N
2700	\N	\N
2602	1864	\N
3121	\N	\N
2788	\N	\N
2916	1998	\N
2828	1972	\N
3207	\N	\N
3003	2057	\N
3059	\N	\N
3368	\N	\N
3290	2221	\N
3442	\N	\N
3524	\N	\N
3618	2371	\N
2305	\N	\N
2395	\N	\N
2420	1769	\N
2701	\N	\N
2511	1808	\N
2603	\N	167
2789	1960	\N
2829	\N	\N
3122	2118	\N
2917	\N	197
3208	\N	\N
3004	2058	\N
3060	2087	\N
3619	\N	\N
3291	2222	\N
3369	\N	\N
3443	2297	\N
3525	2317	\N
2512	\N	\N
2306	1736	\N
2604	1865	\N
1830	\N	202
2918	\N	\N
2790	\N	205
2830	1974	\N
3005	2059	\N
3061	\N	\N
3123	2119	\N
3209	\N	\N
3620	\N	\N
2421	2223	\N
971	2224	\N
3370	\N	247
3444	\N	255
3526	2318	\N
2307	\N	\N
2422	1770	\N
2702	\N	\N
2513	1809	\N
2605	\N	\N
2791	1961	\N
2831	\N	\N
2919	1999	\N
3006	2060	\N
3062	\N	222
3210	2157	\N
3371	2259	\N
3292	\N	139
3124	\N	\N
3445	\N	254
3527	\N	\N
2308	1729	\N
2423	1776	\N
2514	1811	\N
2606	1866	\N
2703	1901	\N
3125	\N	\N
2792	1962	\N
2832	\N	\N
2920	2000	\N
3007	\N	\N
3063	\N	220
3211	2158	\N
3293	\N	\N
3372	2260	\N
3446	2298	\N
3528	\N	\N
2309	1727	\N
2424	1772	\N
2515	1810	\N
2607	\N	\N
2704	\N	203
2793	\N	\N
2921	2062	\N
2833	\N	\N
3008	2063	\N
3064	\N	\N
3126	2120	\N
3212	2159	\N
3373	2261	\N
3294	\N	139
3447	\N	\N
3529	2319	\N
2705	\N	\N
2425	1773	\N
2516	1812	\N
1609	\N	\N
2608	1867	\N
2794	1963	\N
2834	\N	\N
2922	2001	\N
3009	\N	217
3065	\N	\N
3127	2121	\N
3213	2160	\N
3374	2262	\N
3295	2225	\N
3448	\N	256
3530	\N	\N
2310	\N	\N
2426	1774	\N
2706	\N	\N
2517	1813	\N
2609	1868	\N
2795	1964	\N
2835	\N	\N
3010	\N	\N
3066	\N	\N
2923	1121	\N
3375	2263	\N
3214	2161	\N
3296	2226	\N
3128	2279	\N
3449	\N	\N
3531	\N	\N
2311	1730	\N
2427	\N	\N
2707	\N	\N
2518	1814	\N
2796	\N	\N
2836	\N	\N
2610	1222	\N
2924	2002	\N
3376	\N	\N
3011	2064	\N
3129	2122	\N
3067	2089	\N
3450	\N	\N
3215	2162	\N
3297	\N	\N
3532	\N	272
2312	1731	\N
2428	1775	\N
2519	1815	\N
2611	\N	\N
2708	1902	\N
2797	1965	\N
2837	\N	\N
2925	2004	\N
3012	\N	\N
3377	\N	\N
3068	2088	\N
3130	2123	\N
3216	2163	\N
3298	\N	\N
2238	2299	\N
3533	\N	236
2520	\N	\N
2313	1732	\N
2429	1777	\N
2612	1870	\N
2709	1903	\N
2798	\N	\N
2838	\N	206
2926	2003	\N
3378	\N	\N
3013	\N	218
3069	\N	\N
3131	2124	\N
3217	\N	\N
3299	\N	\N
3451	2300	\N
3534	2320	\N
2521	\N	\N
2314	1733	\N
2613	\N	\N
2430	1778	\N
2710	\N	\N
2799	\N	\N
2839	1976	\N
2927	2005	\N
3379	\N	\N
3014	2065	\N
3132	\N	226
3070	2090	\N
3452	\N	\N
3218	2164	\N
3300	\N	\N
3535	\N	273
2315	1734	\N
2522	1816	\N
2614	\N	\N
2431	1889	\N
2711	1904	\N
2800	\N	\N
2840	1977	\N
2928	2007	\N
3015	\N	\N
3071	2091	\N
3133	2125	\N
3219	2165	\N
3380	2264	\N
3301	2227	\N
3453	\N	\N
3536	\N	273
2316	\N	\N
2432	1779	\N
2523	1818	\N
2615	1871	\N
2712	1905	\N
2801	\N	\N
2841	\N	\N
3134	\N	\N
2929	2006	\N
3016	\N	\N
3072	\N	\N
3220	2166	\N
3302	\N	240
3454	2301	\N
3381	\N	\N
3537	\N	273
2317	1734	\N
2433	1782	\N
2524	1817	\N
2616	1872	\N
2713	1906	\N
2802	\N	\N
170	\N	\N
2930	2008	\N
3017	2066	\N
3073	\N	\N
3135	2126	\N
3221	2167	\N
3382	2265	\N
3303	\N	241
3455	2302	\N
3538	\N	\N
2318	1735	\N
2434	\N	\N
2525	1819	\N
2714	1907	\N
2617	\N	\N
2803	\N	\N
2931	\N	\N
2842	\N	206
3383	\N	\N
3136	2127	\N
3018	\N	219
3074	2093	\N
3456	\N	\N
3222	2168	\N
3304	\N	\N
3539	2321	\N
2319	\N	\N
2435	\N	\N
2526	1820	\N
2618	\N	\N
2715	1908	\N
2804	1973	\N
2843	\N	\N
2932	2009	\N
3019	2079	\N
3137	2128	\N
3075	2094	\N
3223	2169	\N
3305	\N	\N
3384	2266	\N
3457	\N	\N
3540	2333	\N
2320	\N	\N
2436	\N	\N
2527	1821	\N
2619	1873	\N
2716	1910	\N
2844	\N	\N
2933	2010	\N
3020	\N	\N
2172	2129	\N
3076	2095	\N
3385	\N	\N
3224	2170	\N
3458	\N	\N
3306	2228	\N
3541	\N	\N
2321	1737	\N
2437	1780	\N
2528	1822	\N
2163	1909	\N
2845	\N	\N
2620	\N	192
3138	\N	\N
2934	2012	\N
3225	\N	\N
3021	2068	\N
3307	\N	\N
3077	2099	\N
3386	\N	\N
3459	\N	257
3542	\N	\N
2529	1823	\N
2322	\N	177
2621	\N	193
2438	\N	183
2717	1911	\N
2846	\N	\N
2935	2011	\N
3022	2067	\N
3139	2130	\N
3078	2096	\N
3226	\N	\N
3308	2229	\N
3387	2268	\N
3460	\N	260
3543	\N	274
2530	\N	\N
2323	1738	\N
2439	\N	\N
2718	\N	204
2622	\N	193
2936	\N	\N
2847	1978	\N
1496	2069	\N
3140	\N	\N
3079	1102	\N
3227	2171	\N
3309	2230	\N
3388	2269	\N
3461	\N	\N
3544	\N	\N
2324	\N	\N
2440	1781	\N
2531	1824	\N
2623	1874	\N
2719	1912	\N
2848	\N	\N
3141	\N	\N
2937	2013	\N
1250	\N	\N
3228	2172	\N
3023	2247	\N
3310	2231	\N
3389	2270	\N
3462	\N	271
3545	2324	\N
2325	1739	\N
2441	1783	\N
2532	1825	\N
3142	\N	\N
2624	1875	\N
2720	1913	\N
2849	1988	\N
1591	\N	\N
2938	2014	\N
3311	\N	\N
3024	2070	\N
3080	\N	\N
3390	\N	248
3463	\N	258
3546	2322	\N
2326	\N	\N
2442	\N	\N
2533	\N	\N
2625	\N	192
3143	\N	\N
2939	2015	\N
2721	\N	204
2850	\N	\N
1546	\N	\N
3025	2071	\N
3312	\N	\N
3081	2097	\N
3391	\N	\N
3464	\N	261
3547	\N	\N
2327	\N	178
2443	1784	\N
2534	1827	\N
2626	\N	\N
2722	1914	\N
3144	\N	\N
2851	\N	131
2940	2016	\N
3026	\N	\N
3082	\N	\N
3229	2193	\N
3313	2232	\N
3392	2271	\N
3465	\N	259
3548	2323	\N
2328	1740	\N
2723	\N	\N
2444	1785	\N
2535	1826	\N
2941	\N	\N
2852	\N	148
2627	\N	194
3145	\N	\N
3027	2072	\N
3083	\N	\N
3230	2173	\N
3314	\N	\N
3393	\N	249
3466	\N	\N
3549	\N	268
2329	\N	\N
2445	\N	184
2536	\N	187
2628	\N	\N
2724	1915	\N
1172	1979	\N
2942	2017	\N
3028	\N	\N
3084	2098	\N
3146	\N	227
3231	2174	\N
3394	2273	\N
3315	2233	\N
3467	\N	\N
3550	2325	\N
2537	\N	\N
2330	1741	\N
2135	1786	\N
2725	\N	\N
2629	1876	\N
2853	\N	207
2943	2056	\N
3395	\N	\N
3147	2131	\N
3029	\N	219
3468	\N	\N
3085	\N	223
3232	2175	\N
3551	\N	\N
3316	2234	\N
2726	\N	\N
2331	1742	\N
2538	1828	\N
2944	2022	\N
315	\N	\N
2446	\N	\N
1088	\N	\N
3086	\N	\N
2854	1980	\N
3148	2154	\N
3233	2176	\N
3396	2274	\N
3317	2235	\N
3469	\N	\N
3552	2326	\N
2332	\N	\N
2447	\N	\N
2539	\N	\N
2630	\N	\N
2727	\N	\N
2855	\N	208
2891	2018	\N
3030	2075	\N
3087	2101	\N
3149	\N	228
3234	2177	\N
3397	\N	250
3318	2236	\N
3470	\N	\N
3553	\N	\N
2540	\N	\N
2333	1743	\N
2631	\N	\N
2448	1787	\N
2728	\N	\N
2856	\N	209
2945	2020	\N
3031	\N	\N
3398	\N	\N
3088	2100	\N
3150	\N	215
3235	2178	\N
3471	177	\N
3319	2311	\N
3554	\N	\N
2334	\N	\N
2449	1788	\N
2729	\N	\N
2541	1830	\N
2632	1877	\N
2857	1981	\N
2946	2019	\N
3032	\N	\N
3399	\N	\N
3089	\N	223
3151	2136	\N
3236	2179	\N
3320	\N	242
3472	2303	\N
3555	2327	\N
2335	\N	\N
2542	1831	\N
2450	\N	185
2633	\N	195
2730	1916	\N
2858	\N	210
2947	2021	\N
3152	2132	\N
3090	\N	\N
3473	\N	\N
3237	2180	\N
3033	\N	\N
3321	2237	\N
3556	2328	\N
3400	2334	\N
2336	\N	177
2451	\N	185
2731	1917	\N
2543	1829	\N
2859	\N	\N
2634	1878	\N
2948	2023	\N
3034	\N	\N
3091	\N	\N
3153	\N	229
3238	2267	\N
3322	2238	\N
3401	2275	\N
3474	\N	\N
3557	2329	\N
2337	1745	\N
2544	1832	\N
2635	1879	\N
2732	1918	\N
2860	\N	\N
3154	\N	\N
2949	2024	\N
3035	2073	\N
3092	\N	4
3239	2181	\N
3323	2239	\N
3402	\N	251
1120	\N	\N
3558	\N	\N
2338	1746	\N
2545	1833	\N
2636	\N	\N
2950	\N	\N
2733	1919	\N
2861	\N	\N
1665	\N	\N
3155	\N	\N
3093	2102	\N
3240	2182	\N
3324	\N	\N
3403	2276	\N
1530	\N	\N
3559	2330	\N
2339	\N	\N
2546	1834	\N
2637	\N	\N
2951	\N	\N
2734	\N	196
2862	\N	186
3156	2133	\N
3241	2183	\N
3404	2277	\N
3325	2240	\N
1306	\N	\N
3560	2331	\N
2547	\N	\N
2340	1748	\N
2638	152	\N
2735	\N	\N
2952	2025	\N
2863	1982	\N
3157	\N	230
3242	2184	\N
3405	2282	\N
3326	2241	\N
3475	2304	\N
3561	\N	\N
2548	\N	\N
2341	\N	\N
2736	1920	\N
2639	\N	194
2864	\N	\N
2953	2027	\N
3158	\N	231
3243	2185	\N
3327	\N	\N
3406	2278	\N
3476	\N	262
3562	2258	\N
2342	1750	\N
2549	1835	\N
2640	1880	\N
2737	1921	\N
2865	\N	\N
2954	2026	\N
3407	\N	251
3159	\N	231
3244	\N	\N
3328	\N	\N
3477	\N	259
3563	2332	\N
2343	\N	\N
2550	\N	\N
2641	1881	\N
2955	\N	\N
2738	1922	\N
2866	\N	\N
3160	\N	230
3245	2186	\N
3329	\N	\N
3408	\N	252
3478	\N	\N
3564	\N	\N
2344	1751	\N
2551	1836	\N
2642	\N	\N
2956	\N	\N
2739	1923	\N
2867	1983	\N
3161	\N	232
3330	2272	\N
3246	2187	\N
3409	2280	\N
3479	\N	262
3565	\N	\N
2345	1752	\N
2552	1837	\N
3410	2281	\N
3162	2134	\N
2740	1924	\N
3480	\N	263
2957	2028	\N
3566	2335	\N
3247	2188	\N
2032	843	\N
3331	\N	242
2868	1984	\N
2346	1749	\N
2741	\N	\N
2553	1838	\N
2643	1882	\N
2869	\N	210
2958	2029	\N
3411	\N	\N
3163	2135	\N
3481	\N	\N
3248	2189	\N
3567	\N	\N
2347	\N	\N
2554	1839	\N
2644	\N	\N
2959	\N	\N
2742	1925	\N
2870	\N	\N
3164	\N	\N
3249	\N	\N
3412	\N	\N
3482	\N	264
3568	2336	\N
2348	\N	\N
2555	\N	\N
2743	\N	\N
2645	1883	\N
2871	1985	\N
3165	\N	\N
2960	2030	\N
3250	\N	\N
3413	2283	\N
3483	\N	264
3569	2337	\N
2349	\N	\N
2556	1840	\N
2646	1884	\N
2744	1926	\N
2872	\N	\N
2961	2031	\N
3414	\N	\N
3166	2137	\N
3251	\N	\N
3484	\N	\N
3570	\N	275
2350	\N	\N
2557	\N	\N
2647	\N	196
2745	1928	\N
2873	1995	\N
2962	\N	\N
3415	\N	\N
3167	\N	232
3485	2305	\N
3252	2190	\N
3571	2338	\N
2351	\N	\N
2558	\N	\N
2648	1885	\N
2746	1927	\N
2874	1992	\N
2747	1930	\N
2963	2032	\N
3168	2138	\N
3253	2191	\N
3416	2284	\N
3486	\N	265
3572	\N	\N
2352	\N	\N
2559	\N	\N
2649	\N	\N
2748	1929	\N
2875	\N	\N
2964	2033	\N
3417	\N	\N
3169	2139	\N
3254	2192	\N
3487	2306	\N
3573	2339	\N
2353	\N	\N
2749	\N	\N
2560	1841	\N
2876	\N	\N
2650	\N	196
3170	\N	\N
2965	2034	\N
3255	\N	\N
3418	872	\N
3488	\N	\N
3574	\N	215
2561	\N	\N
2354	1753	\N
2651	1886	\N
2750	1942	\N
2877	1986	\N
2966	2035	\N
3419	\N	\N
3171	\N	233
3256	2194	\N
3489	\N	266
3575	\N	\N
2355	\N	\N
2562	1842	\N
3172	2140	\N
2751	1932	\N
2878	\N	197
924	\N	\N
2652	\N	197
2967	\N	\N
3257	\N	238
3490	2308	\N
3576	2340	\N
2356	\N	\N
2752	\N	\N
2563	1843	\N
2653	\N	\N
2879	1987	\N
2968	2036	\N
3173	2141	\N
3258	2195	\N
3491	2307	\N
3577	\N	\N
2357	\N	\N
2564	1844	\N
2654	1887	\N
2753	1933	\N
2880	\N	197
3174	2144	\N
2969	\N	213
3259	2196	\N
3492	2309	\N
3578	2341	\N
2358	\N	\N
2565	1845	\N
2754	1949	\N
2655	\N	\N
2881	\N	\N
3175	\N	\N
3493	\N	\N
2970	\N	213
3260	2197	\N
3579	2342	\N
2359	\N	\N
2566	1846	\N
2656	1888	\N
2755	1931	\N
2882	\N	\N
2971	2037	\N
3176	\N	234
3261	2198	\N
3494	2310	\N
3580	2343	\N
2360	\N	\N
2567	1847	\N
2972	2042	\N
2657	\N	201
3495	\N	\N
3177	\N	234
2756	1934	\N
2883	\N	\N
3262	2199	\N
3581	2344	\N
2361	1755	\N
2568	1848	\N
2658	\N	\N
2757	1935	\N
2884	\N	200
3178	2142	\N
2973	2038	\N
3263	2200	\N
3496	2312	\N
3582	\N	\N
2362	\N	\N
2569	1849	\N
2659	\N	\N
2758	1936	\N
2885	\N	\N
2974	2046	\N
3179	2143	\N
3264	2201	\N
3497	2313	\N
3583	2345	\N
2363	\N	\N
2570	\N	\N
3180	\N	\N
2975	2039	\N
3265	\N	149
3584	\N	\N
3498	\N	270
2759	1937	\N
2886	\N	\N
2660	\N	1
2364	\N	\N
2571	\N	\N
2661	\N	\N
2760	1938	\N
2887	\N	\N
2976	2040	\N
3499	\N	\N
3266	1414	\N
3181	\N	215
3585	2346	\N
1079	967	\N
2365	1754	\N
2761	\N	\N
2572	1850	\N
2662	\N	\N
2888	\N	\N
2977	\N	\N
3500	\N	\N
3182	2145	\N
1801	\N	\N
3586	2347	\N
